<?xml version="1.0" encoding="UTF-8"?>
<addon id="repository.retrograde" name="Gyzmo Add-on Repository" version="1.0.0" provider-name="gyzmo">
	<extension point="xbmc.addon.repository" name="Gyzmo Guerandel Add-on Repository">
		<dir>
			<info compressed="false">https://raw.githubusercontent.com/jsergio123/zips/master/addons.xml</info>
			<checksum>https://raw.githubusercontent.com/jsergio123/zips/master/addons.xml.md5</checksum>
			<datadir zip="true">https://raw.githubusercontent.com/jsergio123/zips/master/</datadir>
		</dir>
            <info compressed="false">https://github.com/gyzmonfishball/repository.retrograde/raw/master/addons.xml</info>
			<checksum>https://github.com/gyzmonfishball/repository.retrograde/raw/master/addons.xml.md5</checksum>
			<datadir zip="true">https://github.com/gyzmonfishball/repository.retrograde/raw/master/</datadir>
    </extension>
</addon>